set_weekly_schedule,get_weekly_schedule_response
lock_door,unlock_door,toggle_door,unlock_with_timeout,set_pin_code,set_user_status,set_user_type,set_rfid_code,get_pin_code_response,get_user_status_response,get_user_type_response,get_rfid_code_response,programming_event_notification,get_log_record_response,operation_event_notification,get_alarm_response,reset_alarm,alarm
set_week_day_schedule,get_week_day_schedule,clear_week_day_schedule,set_year_day_schedule,get_year_day_schedule,clear_year_day_schedule,get_week_day_schedule_response,get_year_day_schedule_response,set_holiday_schedule,get_holiday_schedule_response,get_holiday_schedule,clear_holiday_schedule
trigger_effect,off_with_effect
add,view,remove,add_if_identifying,add_response,view_response,remove_response,remove_all,store,recall,get_scene_membership,enhanced_add,enhanced_view,add_scene_response,remove_scene_response,remove_all_scenes_response,store_scene_response,get_scene_membership_response,enhanced_add_response,enhanced_view_response,copy_response,get_membership,get_membership_response,move_to_level,step,move_to_level_with_on_off,step_with_on_off,move_to_hue,move_to_saturation,move_to_hue_and_saturation,move_to_color,move_to_color_temp,enhanced_move_to_hue,enhanced_step_hue,enhanced_move_to_hue_and_saturation,step_color_temp,move,move_with_on_off,move_hue,move_saturation,enhanced_move_hue,move_color_temp,step_hue,step_saturation,color_loop_set
set_absolute_location,set_dev_config,dev_config_response,location_data_response,rssi_response,send_pings,get_dev_config,get_location_data,anchor_node_announce,rssi_ping
save_startup_parameters,restore_startup_parameters,reset_startup_parameters
query_next_image,image_block,image_page,upgrade_end,query_specific_file,image_notify,query_next_image_response,image_block_response,upgrade_end_response,query_specific_file_response,enroll,enroll_response,status_change_notification,arm,get_zone_info,get_zone_info_response,zone_status_changed,bypass,panel_status_changed,panel_status_response
power_profile_request,get_power_profile_price_response,energy_phases_schedule_notification,energy_phases_schedule_response,power_profile_schedule_constraints_request,energy_phases_schedule_state_request,get_power_profile_price_extended_response,power_profile_notification,power_profile_response,get_power_profile_price,energy_phases_schedule_request,energy_phases_schedule_state_response,energy_phases_schedule_state_notification,power_profile_schedule_constraints_notification,power_profile_schedule_constraints_response,get_power_profile_price_extended,get_overall_schedule_price_response
power_profile_state_response,power_profile_state_notification
scan,device_info,identify,reset_to_factory_new,network_start,network_join_router,network_join_end_device,network_update,scan_rsp,device_info_rsp,network_start_rsp,network_join_router_rsp,network_join_end_device_rsp
get_group_identifiers_rsp,get_endpoint_list_rsp
